head,seq,nm,symbol,position,Xm,ncbi,from,to,,
GT_chr15:17610002-17610947_42682,GTATCCCAGCTGGATTCGCAGAGGTTGGGCTGATGTACATAACCATGATGGATCCATAAA,NM_001256458,COR11G9,chr15:17610137-17610196,chr15,NC_006597.3,17610137,17610196,COR11G9,
GT_chr17:61698557-61698977_60489,GCCAAAACCTGAATGCACTTGCCTTAATAAGGATTCTGAGCCCACATCACCCAAAACTCA,NM_001031636,SMCP,chr17:61698827-61698886,chr17,NC_006599.3,61698827,61698886,SMCP,
GT_chr21:27651355-27652291_132353,CTGTGAGCACATGGGCATTGCCAAGTTGGCTTGTGCCAGCATTCAAATCAATGCTATCTA,NM_001256448,COR52J8,chr21:27651895-27651954,chr21,NC_006603.3,27651895,27651954,COR52J8,
GT_chr24:32847274-32848892_151294,GCTGAGGGAAGGGGTGGGGATCCCCAGTTGGAATGGGTCCTGGGACTGAGGAGGTATAGT,NM_001003165,CE10,chr24:32847589-32847648,chr24,NC_006606.3,32847589,32847648,CE10,
GT_chr5:15801887-15804839_278770,GACCTTGGGCTCAAGCCGGGAGCATGACCTTGGGCTCAAGAAGCATGACCTTGGGTTCAC,NM_001252336,FXYD6,chr5:15803282-15803341,chr5,NC_006587.3,15803282,15803341,FXYD6,
GT_chr6:31498360-31499687_296737,GAGGAGCCATAGGCCAGGGTGACCAGGGAGCCGTACAGATGATGCACTGATGGACCAGTT,NM_001013418,TNP2,chr6:31498855-31498914,chr6,NC_006588.3,31498855,31498914,TNP2,
GT_CpG_100:chr25:10364242-10365326_2049,CCTGCCACATCAGTTTGGGCGCGGTTAAAGCGAGAAACCGCTCTGCAGGCAGCAGCAGTG,,unknown,chr25:10365187-10365246,chr25,NC_006607.3,10365187,10365246,unknown,
GT_CpG_100:chr5:56540999-56542224_3161,GACCCACACTTGCTGTCCTTCAGGACTAAGAGGATTGCAGGACCATTTTGTCCTTCCCCG,,unknown,chr5:56542124-56542183,chr5,NC_006587.3,56542124,56542183,,
GT_CpG_100:chr6:54959441-54960395_3298,ACGCTGATCACATTTAAGGCCAAGGCATAAGCGACCCTGCCCGCGTCCCGTCCTAAGACA,,unknown,chr6:54959621-54959680,chr6,NC_006588.3,54959621,54959680,ARHGAP29,
GT_CpG_102:chr1:103249839-103251073_10393,CCGCCGAAGTAGAAGGACCAGCCGTACGAGTAGTGGTTCTTCTTCTCCTCGTCCCGCTTC,,unknown,chr1:103250829-103250888,chr1,NC_006583.3,103250829,103250888,CACNG8,
GT_CpG_102:chr20:2792244-2793806_10609,TAGACCACGAATAACTTTACTGAGAAGAATCTCGAGTGGGCTTTTGAAGAAATGAGGCAA,,unknown,chr20:2793189-2793248,chr20,NC_006602.3,2793189,2793248,RAB7A,
GT_CpG_103:chr20:49927120-49928441_14808,AGAAATGGGCAGGACCAGACGCCAGAGTGGTGTTTAGCGATGGGCGTGGTTGGAAAGGGG,,unknown,chr20:49928020-49928079,chr20,NC_006602.3,49928020,49928079,RGL3,
GT_CpG_103:chr22:22212380-22213991_14919,AGCAACTCCGGAGAACAAATTCACAGATTTGTCGTTAGTCATTCTCTCCACATTTCGTCT,,unknown,chr22:22212425-22212484,chr22,NC_006604.3,22212425,22212484,PCDH9,
GT_CpG_103:chr9:5445423-5446725_17310,ATGTAGAGCCACATCGATCCTTCGCCCCAATACGCCGTTCCTTTAGGACAGTTTACAAAA,,unknown,chr9:5446413-5446472,chr9,NC_006591.3,5446413,5446472,,
GT_CpG_104:chr12:11757022-11758257_17970,TGCCTGACGCCTCTTTTCCCTCCACTCTCTTGGTCTCTTTCAGTTGGAGGAGGACAGACT,,unknown,chr12:11757472-11757531,chr12,NC_006594.3,11757472,11757531,TTBK1,
GT_CpG_106:chr10:19859113-19860343_26673,GTCCGCACAAGCAAAATCAGGCATCCTTGAAATCAGCAGCTCTCAACTTTCTTCCTTTCA,,unknown,chr10:19860283-19860342,chr10,NC_006592.3,19860283,19860342,TTC38,
GT_CpG_107:chr14:8322348-8323553_32054,ATTTAAAAGTTAAAACCGAGAAGGGGTAAGGAAATTTGCAAGGGAGGAGGCAGGACGAGG,,unknown,chr14:8322393-8322452,chr14,NC_006596.3,8322393,8322452,SND1,
GT_CpG_107:chr17:59002102-59003138_32314,AAGGTCTTTCTCGTGGGGCTCCTTTAACAGAGAAAGCAGAGAGGAAACGGCCTTAGGAGA,,unknown,chr17:59003047-59003106,chr17,NC_006599.3,59003047,59003106,ENSCAFT00000076283,LNCRNA
GT_CpG_107:chr36:15970695-15972108_34138,TCAGGGCTGCAGATTAGGAGAGGAAGGCGACGGGAGAATTTGCCTTCCGTCCCATCCTCA,,unknown,chr36:15971595-15971654,chr36,NC_006618.3,15971595,15971654,CYBRD1,
GT_CpG_117:chr20:22252844-22254345_70337,TCCGTGGGAGGTGGGAGAAACGCTGATGAATCCCAGATACTTTGCAAAGGCGGGGCCGGG,,unknown,chr20:22254059-22254118,chr20,NC_006602.3,22254059,22254118,,
GT_CpG_117:chr33:4797004-4798275_71148,AAGGGCTTCAATCTCCAAAACCATTCATTGGGGTGCGGGTTGGGAGGTGAGGCTGAACCA,,unknown,chr33:4797004-4797063,chr33,NC_006615.3,4797004,4797063,,
GT_CpG_119:chr22:6035789-6037196_76504,CTTACACATATAATAACCACCTTACGCAGTCGCTAGGAGGATGAAGCGACAGTGTGTACC,,unknown,chr22:6036194-6036253,chr22,NC_006604.3,6036194,6036253,GPALPP1,
GT_CpG_120:chr23:1733669-1734873_81310,GCAGCACCTAAACCCTGCAGCAGGCCTTGAGTCCCGGACAGTGAAGTGTCATTTCAGACA,,unknown,chr23:1733984-1734043,chr23,NC_006605.3,1733984,1734043,,
GT_CpG_124:chr11:17550694-17552055_95636,GTTAAAGGGCGAACAGAAACATGGAAACATATAATTTGCTACTAGTCTAGCCTCCGGATG,,unknown,chr11:17550694-17550753,chr11,NC_006593.3,17550694,17550753,FBN2,
GT_CpG_124:chr11:401155-402522_95756,GGTTCCCGCAGTACAGGTTTGTCCTGACCCGGGGCGAGCTAAATTTAGTGTCTGGAAGGT,,unknown,chr11:402460-402519,chr11,NC_006593.3,402460,402519,,
GT_CpG_124:chr28:32563784-32565436_145207,ACTTGAGATGACACCTGCCTCCCAGGAACAGTCACCTGTGGCACCTAATTCTGCACTCCC,,unknown,chr28:32565344-32565403,chr28,NC_006610.3,32565344,32565403,ACADSB,
GT_CpG_125:chr24:43783339-43784988_100454,TCAAGTGGAGGCTGCTTCCCCGGAGTAACTTAAACGGATTAACCGCTTCTTAGCGCCCCA,,unknown,chr24:43783519-43783578,chr24,NC_006606.3,43783519,43783578,PRELID3B,
GT_CpG_127:chr36:14106580-14108071_107406,ATCCTTGTTTCGTTGTCTTAAGCAGAAGAGACACACGTGTCGCCGCCAGATCGCGTTTCT,,unknown,chr36:14107750-14107809,chr36,NC_006618.3,14107750,14107809,,
GT_CpG_127:chr5:39867078-39868714_107784,AAAAGCAAAGCCAGATTTGTTTAGGGAGCAGCGCCAGCGGGGCAGCAGGGACCGGAGTGC,,unknown,chr5:39868473-39868532,chr5,NC_006587.3,39868473,39868532,ZSWIM7/TTC19,
GT_CpG_128:chr2:55174362-55175815_164697,CAGCCTGTCGCATCGCTTCCTCGACAGCAAGTTCTACCTGCTGGTGGTCGTCGGCGAGAT,,unknown,chr2:55175232-55175291,chr2,NC_006584.3,55175232,55175291,MAP1B,
GT_CpG_130:chr35:10164038-10165606_116772,CACCGTGACCTTGTACTTCGAGGTGGAGCTGAGCAGCGAGAGGCGACCCGGAACTGAACA,,unknown,chr35:10164938-10164997,chr35,NC_006617.3,10164938,10164997,TFAP2A,
GT_CpG_131:chr36:6996893-6998033_119318,GCCCGTTACGCTATGGCCGGCTCTTTCCTGCAGGACCAGTTCGTGAGCAACTACGCCAAG,,unknown,chr36:6997118-6997177,chr36,NC_006618.3,6997118,6997177,TBR1,
GT_CpG_133:chr8:34699507-34700781_125659,GGTCGCTTCAGCCCCTTTGTTTTGGTCTCTTGGTTTAGCATTGGTGAGGGTTGACTTGAG,,unknown,chr8:34700677-34700736,chr8,NC_006590.3,34700677,34700736,JKAMP,
GT_CpG_136:chr20:52412331-52414093_133707,AGCATGCCGCTAAGCCCACGGATTCATCAGAAGACGAACGCGATTATCAGCCCGTGAGGG,,STXBP2,chr20:52412511-52412570,chr20,NC_006602.3,52412511,52412570,,
GT_CpG_138:chr1:64628155-64629780_139225,GTGGTGTGGGGACAGCAGGGAGTGTCAAAGGGACGCCCTGGGCACATCCCTCGAAAATCA,,unknown,chr1:64628875-64628934,chr1,NC_006583.3,64628875,64628934,,
GT_CpG_142:chr7:16779759-16781643_150193,CCGAACATCTGAATGTGCCCTTTGGTGATGGGGTTGAAGCTGCCGCAGGCAAGCAGGATA,,unknown,chr7:16781154-16781213,chr7,NC_006589.3,16781154,16781213,NMNAT2,
GT_CpG_143:chr1:91241967-91243771_151253,GGGAGCGGAACCAAGACTTAATCAGGTTAGTTTGCTGATCTTCTGTTCCCGGTGAGATTT,,VLDLR,chr1:91242912-91242971,chr1,NC_006583.3,91242912,91242971,VLDLR,
GT_CpG_149:chr35:24543235-24545185_167452,AGAAATCCGCGGTAATTGGAAACGGACTTCAAACGTATATTGCTCAATTGTTCACCTTGT,,unknown,chr35:24544630-24544689,chr35,NC_006617.3,24544630,24544689,,
GT_CpG_150:chr32:13059257-13061527_170690,GTTCTCGAAATGGAATTTACTTTCCACACTCAAGTGCCCGATGGAGGAGACGAATCCAGC,,unknown,chr32:13061192-13061251,chr32,NC_006614.3,13061192,13061251,,
GT_CpG_152:chr3:62267000-62268967_175207,TGGTGGAACGTGGTGGACAGTCGTGCCCTTGGGCCACATTTAGGACTCTTGAGGAGAGAT,,unknown,chr3:62268845-62268904,chr3,NC_006585.3,62268845,62268904,LETM1,
GT_CpG_157:chr18:44921938-44923416_274814,GCTCATCGCCTTTTAGGGCATACCCCGGCGGCGATAAGTTCGGCACAACTTTCCTCTCGG,,unknown,chr18:44922238-44922297,chr18,NC_006600.3,44922238,44922297,ALX4,
GT_CpG_157:chr3:61804400-61806394_276675,GCGGACCTCCTCCTACTTCTCCTGGGTCCTGGAAGGACTTCTCCATCCTTCTTGCCTGCA,,unknown,chr3:61805690-61805749,chr3,NC_006585.3,61805690,61805749,ZFYVE28,
GT_CpG_158:chr18:46303923-46305681_186642,CTGGGGAAACCATCTCCTGGAGAGTGTGGACGACGTCAGAAGTGGTGATTTTCACCAAGT,,unknown,chr18:46304553-46304612,chr18,NC_006600.3,46304553,46304612,IGF2,
GT_CpG_158:chr30:4413748-4415488_187290,AGACTCGAAGTGTACAGTTCGGCAGAAGCAAACAAATTACAGCGGGAAAACCAGGGAAGA,,unknown,chr30:4414828-4414887,chr30,NC_006612.3,4414828,4414887,ENSCAFT00000084439,
GT_CpG_16:chr15:17966423-17966851_211994,AGGAGAGACTAGAGGTCATAGAGGGTATCGGGAAGGATGAATCCGAGGCGGTGGGGAGGG,,unknown,chr15:17966648-17966707,chr15,NC_006597.3,17966648,17966707,,
GT_CpG_161:chr6:16272599-16274909_195413,CGAAAGGTCAGAATCCAATCCCGGGCCATAAAAGCCCAGGCGGATGAGTCAGGAGTTTCT,,PDGFA,chr6:16274624-16274683,chr6,NC_006588.3,16274624,16274683,PDGFA,
GT_CpG_161:chr8:35571379-35573034_195555,TTCTAAATCTCCTCAGGTTGGATCGCGCCTTGCAGCGCTATTTGCTAGGATTCGTATTCC,,unknown,chr8:35572684-35572743,chr8,NC_006590.3,35572684,35572743,,
GT_CpG_168:chr25:5059516-5061670_207813,ATAGAAGCTTCTGGCATCGGGAGACGAAGAATGGTCAAGAACACTGAAGATGGCGAACTA,,unknown,chr25:5061586-5061645,chr25,NC_006607.3,5061586,5061645,NBEA,
GT_CpG_17:chr28:38601438-38601844_237971,CAGCAACTGGAGCTTGTAGTGGATGCCGTTGTTGGTTTTCTCGTTGTTGGGCTCCTGAAA,,unknown,chr28:38601753-38601812,chr28,NC_006610.3,38601753,38601812,EBF3,
GT_CpG_171:chr8:33949335-33951251_220185,CATTGCACGGTATTTAGTGCCTGCCTTTGCAGAGCGGAGCCAAAGATACCAAAGCCGCGG,,unknown,chr8:33949380-33949439,chr8,NC_006590.3,33949380,33949439,,
GT_CpG_173:chr34:4612043-4613555_223899,AGAGGTGGTTGCCGAACGCAAGGTTTCTTCCAGAGACCAACGTATCCCTGCAAACTCCTC,,unknown,chr34:4613438-4613497,chr34,NC_006616.3,4613438,4613497,SEMA5A,
GT_CpG_176:chr12:57802769-57804596_229373,AATTGCTTTTAAACGGCCGGCGGTCCCGCGGCCGCTTTGTTCACACACTTTCGCTGCCGG,,unknown,chr12:57804209-57804268,chr12,NC_006594.3,57804209,57804268,,
GT_CpG_183:chr6:38025421-38028065_248940,AGCCTGGGGAAGAATGCGCTCCTAGGATGCACAGAAGGAAAGCCTCTTCCTCCCACCTCC,,unknown,chr6:38025826-38025885,chr6,NC_006588.3,38025826,38025885,,
GT_CpG_189:chr26:37505908-37508137_257183,TCGGAACACGCTTTGTCCCGCGGGGCTTTTGATCTTTGCCGAGCCGCGAACACTCTTTCT,,unknown,chr26:37507393-37507452,chr26,NC_006608.3,37507393,37507452,ENSCAFT00000066507,
GT_CpG_19:chr2:81670025-81670500_294093,GTGGCAGTTTGGAAGTCCTGCCTGCAGTGTAGTGCTTGCTAATAACCTGGGTAATATTTC,,unknown,chr2:81670430-81670489,chr2,NC_006584.3,81670430,81670489,ZBTB17,
GT_CpG_19:chr4:49341288-49341702_296029,TTTCCAACGCAGAATGAGACCGAAACCTGGAGAGTCGGCGTCGCCTTTCTGCTTCCCTCG,,unknown,chr4:49341468-49341527,chr4,NC_006586.3,49341468,49341527,,
GT_CpG_19:chr9:22454206-22454653_297894,AGGAGGAAAGATGGGGAAGGAGCAAAAGGGCACTAGGCTTGCTTCTCCCTGCCTCCTGGC,,unknown,chr9:22454566-22454625,chr9,NC_006591.3,22454566,22454625,,
GT_CpG_191:chr22:44154285-44156607_268419,GAGCCGCACGGTTTCGACATGCGACGGAATTGCTGTTTCCTTACGGTTGATCCACAGGCT,,unknown,chr22:44156265-44156324,chr22,NC_006604.3,44156265,44156324,GPC6,
GT_CpG_194:chr18:25669152-25671736_273534,CCAGTCCATCTCCACCACCTCGGGGAGCTCTAGGGACTCTCAGAACCACAACAGTTCCCT,,unknown,chr18:25669152-25669211,chr18,NC_006600.3,25669152,25669211,RASSF7,
GT_CpG_196:chr21:22952294-22954378_283388,CTGGAACCAGCTGGACAAGGCGGACATCGCCGTGCCGCTGGTTTTCACCAAGTACTCGGA,,unknown,chr21:22953194-22953253,chr21,NC_006603.3,22953194,22953253,MAP6,
GT_CpG_199:chr32:28632693-28635175_287611,CGTTGCTGGTCGGGATGATTTCGGACTCGTTCACTAAGGAGGACTTGATGTCGGCTAAGT,,unknown,chr32:28633368-28633427,chr32,NC_006614.3,28633368,28633427,LEF1,
GT_CpG_20:chr33:12832304-12832756_317058,CTTGGTCACTTGTCAGCCGGGTCGGGCTGTATAAAATCGTAACACAACGCACGCCTCCTT,,unknown,chr33:12832574-12832633,chr33,NC_006615.3,12832574,12832633,,
GT_CpG_201:chr32:30724705-30727414_299902,GGCAAGACGGGAGGAGAAAGAGGGACAAAGAGCAAAGACCCAGTTAGAGGAAAGGGCGGA,,unknown,chr32:30725605-30725664,chr32,NC_006614.3,30725605,30725664,PITX2,
GT_CpG_207:chr1:58009588-58011865_306863,TCGGCCTGGCGTGCTTTCTCTCCAGTTTCTAGAATGAATTCTTCGTGCGAAGTTGTTTCT,,unknown,chr1:58009858-58009917,chr1,NC_006583.3,58009858,58009917,,
GT_CpG_208:chr10:6070361-6072996_308205,TGTCCCAGTTTGGTAACGCGGCGTAGGGCGAAAATTACCACCGACCCTACCATTCGTAAG,,unknown,chr10:6070991-6071050,chr10,NC_006592.3,6070991,6071050,PPM1H,
GT_CpG_208:chr7:4893205-4896264_309037,AGGGAAGCACGATGCTTGGTAGCTGGGCTCCTTTATCAAGTGCACAGGAATCTTATTACT,,unknown,chr7:4895140-4895199,chr7,NC_006589.3,4895140,4895199,LHX9,
GT_CpG_216:chr7:71999186-72001608_329751,CGGAGCAAAAGAGGTCTGGCTTTCTGCGATTCCGCTCCCTGAGCTAGCGGTTCAAGCTGC,,unknown,chr7:72000401-72000460,chr7,NC_006589.3,72000401,72000460,ENSCAFT00000081326,
GT_CpG_217:chr3:47653366-47655868_330479,CTGACTCCGGACTGGGCTTGCCTCCCCAGCTTTTGCCCTCTCCTTGCAAAATCAGTACCC,,ST8SIA2,chr3:47655796-47655855,chr3,NC_006585.3,47655796,47655855,ST8SIA2,
GT_CpG_222:chr1:113938706-113941123_345117,TGAACGACTTCCTAAGAACATAGGGCAATGCATCCCACGGAGATAGGCTGCATCCCGGAG,,unknown,chr1:113938751-113938810,chr1,NC_006583.3,113938751,113938810,,
GT_CpG_226:chr27:39934586-39937954_347956,GTTTGGGCTCTTCCATCCCACTTTCCCCAGTGCCCAACAGCCGATCTGTTTACAACTTCG,,unknown,chr27:39936026-39936085,chr27,NC_006609.3,39936026,39936085,,
GT_CpG_23:chr17:34344034-34344485_559749,AATAATTCGGTTAGCCAAGGCTGCCAATATTTCTCTGGGGCCCAAATTACTGCCAGGCAG,,unknown,chr17:34344424-34344483,chr17,NC_006599.3,34344424,34344483,,
GT_CpG_23:chr9:4048791-4049282_383236,AAAGTGACCAGAAGCGAAGGGCGCCTGAGAAAAGAGCGTTTCGAGCTGGTTTCCAAAACC,,unknown,chr9:4049106-4049165,chr9,NC_006591.3,4049106,4049165,JMJD6,
GT_CpG_232:chr30:24822690-24825485_365366,ATGCAGAGGAAACAGAATACCCCAGCCAAGCAATTTCCATGTCAAACATCATCTGCGCGG,,unknown,chr30:24822735-24822794,chr30,NC_006612.3,24822735,24822794,,
GT_CpG_234:chr15:5330714-5333053_366757,GGATGGGAAGTACCAGGTGCATCTCAGATGCCCTCCGGACTTCAGGATTTGGCCTCGGAA,,unknown,chr15:5330759-5330818,chr15,NC_006597.3,5330759,5330818,,
GT_CpG_241:chr37:20132445-20135569_384619,GCCTTTGTGCCCCTAGAATTTCAAGTGCAGAGTCACACACAGAACAACAATGGCACGCTA,,unknown,chr37:20132490-20132549,chr37,NC_006619.3,20132490,20132549,ERBB4,
GT_CpG_242:chr8:3299831-3302678_385764,GTTCTGCGCAAGCATCGCGACTTTGTTCCCGCTGTGGCAGAGAGGAGGGAGATCCGTAAA,,unknown,chr8:3302351-3302410,chr8,NC_006590.3,3302351,3302410,LRP10,
GT_CpG_25:chr20:17703117-17703592_414384,GTCTGGCTGCAGATTGGCAGAATTGGTGTGCAGACCGGGAACACTTTGCAACCCCGCCTC,,unknown,chr20:17703387-17703446,chr20,NC_006602.3,17703387,17703446,CNTN3,
GT_CpG_25:chr28:14413803-14414330_416168,GATAAGCCACGCACAGACCTCGTAGCAGTCTGTGTCTCGATCGGCCACATCGGCCATACC,,KCNIP2,chr28:14413938-14413997,chr28,NC_006610.3,14413938,14413997,KCNIP2,
GT_CpG_25:chr29:39548581-39549026_416442,CTTACCAAGTTCCTCCGAGCGAGGGTTTTCTCCAGAAAGCGAAGCAGACCCTCATTTCCA,,unknown,chr29:39548806-39548865,chr29,NC_006611.3,39548806,39548865,,
GT_CpG_255:chr11:4278045-4281014_406915,AGGGTGCACCACCGCCTGGTCTCCCTGCAGCTTTAACAGCCCTGACATGGAAACCCCATT,,unknown,chr11:4279530-4279589,chr11,NC_006593.3,4279530,4279589,KCNN2,
GT_CpG_26:chr34:10884609-10885158_434540,TGGGAGGCTCATGGGCACAACTGGCAAAGGAGCTGCCTCGGCAGGAAAGATGAAACTGGA,,unknown,chr34:10884609-10884668,chr34,NC_006616.3,10884609,10884668,,
GT_CpG_26:chr6:39289840-39290407_436634,TCTTCTCCCCACAAGAAACCAGAGAGGTGGGTGGCAGCACGGAGATCTGTGCCGCGTCTC,,unknown,chr6:39290020-39290079,chr6,NC_006588.3,39290020,39290079,ENSCAFT00000081981,
GT_CpG_27:chr36:4797193-4797689_450981,TACCGCGAAGAGTGCTGGATTTTAACAGCTGCTTCTTGGATGCTGAAACCGGGGAGTGTA,,unknown,chr36:4797373-4797432,chr36,NC_006618.3,4797373,4797432,,
GT_CpG_28:chr12:33401334-33401879_460256,TACCCATCGGCGGCAGCCGAAAGCTGGACTAGCAAAAGGCAGAAATCTGTAGAAGCCCCG,,unknown,chr12:33401649-33401708,chr12,NC_006594.3,33401649,33401708,,
GT_CpG_28:chr16:23097998-23098426_461251,GCAAGGAGCCCCGGGTCCAATTTCATCTGATTCTCAGCTTCTTGACTAGTGTGTCCGCTG,,unknown,chr16:23098043-23098102,chr16,NC_006598.3,23098043,23098102,,
GT_CpG_28:chr22:59901044-59901451_463592,CCCGAACGATTCTTTCTTCGTCTCCGCTTTTAAACCCAACCTTAATCGTTCGGAGCGCGC,,unknown,chr22:59901269-59901328,chr22,NC_006604.3,59901269,59901328,,
GT_CpG_28:chr24:42654368-42654894_463852,AGCCAAGCTGTCCAGACAGAGGCTATTTATAGGTGCGTCGGGGACACAGACACTCACACA,,unknown,chr24:42654368-42654427,chr24,NC_006606.3,42654368,42654427,PMEPA1,
GT_CpG_28:chr31:21138413-21138956_465707,GAATGCAGAACTCACTAGGACCGGGACTCCTCTGAGATGCTGAGACCTCAAGGTGGCATC,,unknown,chr31:21138413-21138472,chr31,NC_006613.3,21138413,21138472,JAM2,
GT_CpG_28:chr4:28983315-28983872_467301,GCCTTCAAGCCCACGCACGAAACTGTTTGGAAGGCTCCTGAATGTCATTCTCCTTCCCGC,,unknown,chr4:28983630-28983689,chr4,NC_006586.3,28983630,28983689,ZMIZ1,
GT_CpG_285:chr34:26768801-26771946_456379,GAGAGACCACATGGAGGACCGCTTTGAAGTTCTCACGGACCTGGCCAACAAGACGCACCC,,unknown,chr34:26770871-26770930,chr34,NC_006616.3,26770871,26770930,PPM1L,
GT_CpG_29:chr35:24934086-24934587_482638,AAGAAGTTCCAGTAGAGAAAGAAAAGGAGGCATACGCTGCCAGTGAGGGGTAGGCCGGAG,,unknown,chr35:24934131-24934190,chr35,NC_006617.3,24934131,24934190,,
GT_CpG_30:chr5:57134630-57135291_738459,GTGCGTTCCAAGAACTCGAGTCTCTGAAAAGAAAGAAGCCGTGGTCTTGTTTCTCGCGGG,,unknown,chr5:57134930-57134989,chr5,NC_006587.3,57134930,57134989,,
GT_CpG_31:chr3:42459631-42460125_507991,GTCACACTAGGACATGCGAGATCGCGACAGTAACGGGCAAATTTAGAGAACCGTATTTCC,,unknown,chr3:42459991-42460050,chr3,NC_006585.3,42459991,42460050,,
GT_CpG_31:chr4:22936675-22937328_508162,CCTCTCTGGGGAGGGCGGGCTCTCCCTTCTTTAATCTGTTGTCCCCTGAAAAGGGAACTT,,unknown,chr4:22936990-22937049,chr4,NC_006586.3,22936990,22937049,DDIT4,
GT_CpG_31:chr8:53759088-53759660_509564,AGGAGTGAAGAGGGTGGAGGAGGTGACGGAGCACAGAGGAAGCGTCTGGTTTCAGATGGG,,unknown,chr8:53759448-53759507,chr8,NC_006590.3,53759448,53759507,55835/89282/58466,
GT_CpG_32:chr1:113118949-113119424_518370,CTTGGAACACCTTCCAGGCCTCAGGGGAGGGGTGAGAGGGGTGCCGGAATTTGACCTCAA,,unknown,chr1:113119354-113119413,chr1,NC_006583.3,113119354,113119413,,
GT_CpG_32:chr1:120388620-120389066_518477,GATTGATTCTTCATTTATTGGGCCCGACGCGGGCAAGCGGTGGAAGCCAGAGCGCACGGG,,unknown,chr1:120388845-120388904,chr1,NC_006583.3,120388845,120388904,TSHZ3,
GT_CpG_32:chr12:57808797-57809352_516790,GCTACATTTGCTGGTACTGCTGGAGGACGTTTAGATACCCCAACAGCCTTAAGGCCCACC,,unknown,chr12:57808977-57809036,chr12,NC_006594.3,57808977,57809036,,
GT_CpG_32:chr25:12937998-12938488_774552,CCTGCAAAGCACGCCCATCTACCTGCAGGTAGCCGGAGGTCCTGCAGGGTTAAGGGTTCA,,unknown,chr25:12938418-12938477,chr25,NC_006607.3,12938418,12938477,,
GT_CpG_329:chr3:44139684-44144392_515951,GACGTGGGATAGGGCTCGGCGCGCAGCAGCAGAGAAATATATCCGGACAGGTACGAGTGG,,unknown,chr3:44140134-44140193,chr3,NC_006585.3,44140134,44140193,NR2F2,
GT_CpG_33:chr13:62532981-62533497_528057,GCACAGGGAACAGGCAGAACGAAGTGTCGAGAAACACTGTACACGGGTAGGGTAGAGGAC,,PPBP,chr13:62533206-62533265,chr13,NC_006595.3,62533206,62533265,,
GT_CpG_33:chr22:45510686-45511245_530300,AAAGTGCTCATTTTCCTTGGAGGTCCAGATGTCACTTGCAACAGATGCTTTTCTCGCATT,,unknown,chr22:45511181-45511240,chr22,NC_006604.3,45511181,45511240,,
GT_CpG_33:chr23:33251449-33252124_530445,TGATCGGTCTCTGGGCGCTGAAGAATTTCTATACTGCGTGCACCCCTTTGGTTTCTTTTA,,unknown,chr23:33251674-33251733,chr23,NC_006605.3,33251674,33251733,,
GT_CpG_34:chr34:4290524-4291004_545175,ACCGCGCAGCATGAGCGGCAGTAGCAACGTCACGGTAAAGAAGCTTAGTGGTTGGGCGGC,,unknown,chr34:4290704-4290763,chr34,NC_006616.3,4290704,4290763,,
GT_CpG_35:chr25:15429047-15429606_825639,TCTACCTGCTGCACTTCTTGGGGTCCCGGCGAGCAAACGGCCACAGGATTTCCCTTCATT,,unknown,chr25:15429347-15429406,chr25,NC_006607.3,15429347,15429406,SGCG,
GT_CpG_36:chr5:26642255-26642836_568040,AGATTTCTCACCAGCAAACGGCCCGGGAATCGGGAGAGCCTGAGACAGGAATGGATGAGG,,unknown,chr5:26642705-26642764,chr5,NC_006587.3,26642705,26642764,,
GT_CpG_37:chr1:108741981-108742573_574128,GTTTGTGTGCGTCCCCGTATAAGTGTCACCTCGATCAGGCTGTGCGTCCAGGTGTCCCTG,,unknown,chr1:108741981-108742040,chr1,NC_006583.3,108741981,108742040,BBC3,
GT_CpG_37:chr20:46214736-46215479_574582,CCTGCGCGCGAGTGAGGCAGAGAGGGGACCCTCCGCTGTCTTTATATACCGGGGTTATTT,,unknown,chr20:46215096-46215155,chr20,NC_006602.3,46215096,46215155,,
GT_CpG_38:chr1:322081-322678_587345,TGTCTGATTTCGGGCACTCAGCGTGTCGGTTATTTTAGGTCCTGCCCGTGGGCGAGTCTT,,unknown,chr1:322261-322320,chr1,NC_006583.3,322261,322320,ENPP1,
GT_CpG_38:chr10:37732304-37732902_585295,CTACTGTCCCCGTCCCTGCCCCGTCCCTGAAGCCCTTACAAAGCTCGTGAAGAGTCAGGT,,unknown,chr10:37732394-37732453,chr10,NC_006592.3,37732394,37732453,NCK2,
GT_CpG_38:chr19:36203308-36203881_1734304,CATCTGCCGCGATCAGCATCAGTCTCGACCCAACGGTTCTGACAAATCTCCGCCCGGAGC,,unknown,chr19:36203653-36203712,chr19,NC_006601.3,36203653,36203712,NCKAP5,
GT_CpG_38:chr3:25524518-25525122_590371,TCCAACCGCGAGCATCTCGGTCAGGGTGCGGCTGGAGCCTCAAAACACATTTCATAACCC,,unknown,chr3:25524833-25524892,chr3,NC_006585.3,25524833,25524892,ENSCAFT00000074282,
GT_CpG_38:chr3:39103756-39104380_590422,GCAGAGTGAGTCATTTCATCCTTAAGACGCTCCGAACCCGGCCAAAATGATTGCTCTCAT,,unknown,chr3:39104206-39104265,chr3,NC_006585.3,39104206,39104265,TJP1,
GT_CpG_39:chr24:1093711-1094328_596768,GGACAGCGCCAGCTATGCCGGCGAATTAGCTGCTCTGTTTGCCTCCACTTTGGCTTCCCG,,unknown,chr24:1094206-1094265,chr24,NC_006606.3,1094206,1094265,,
GT_CpG_39:chr28:13494397-13495035_597379,AATGACTCCATTTGCCTCAGTACCGAGGAGAACAATTGAGTTTGAAACTGCAACAACTGG,,unknown,chr28:13494712-13494771,chr28,NC_006610.3,13494712,13494771,PAX2,
GT_CpG_40:chr1:107956695-107957365_605475,GACTGCAGACGAGAGGGATGGGGCTCTGAGAATAATAACTAAATACACAAAACGGGCCTC,,unknown,chr1:107957190-107957249,chr1,NC_006583.3,107957190,107957249,ZNF114,
GT_CpG_41:chr35:22216489-22217138_617303,CCGGAGGAGAAACCTCTGCATACCCCTAAATGCATCCCAAATGGCGTGGTGGTGCAAGCA,,unknown,chr35:22216489-22216548,chr35,NC_006617.3,22216489,22216548,,
GT_CpG_42:chr1:104735748-104736329_622395,GCGGGAAGGCAAGGACTGCAGTAGTAACCTCCACAGAACCCCGGTGTGGAAGACTGGAGG,,unknown,chr1:104735928-104735987,chr1,NC_006583.3,104735928,104735987,,
GT_CpG_42:chr18:46302185-46302823_622168,TCCTTCAGTCTTGCTGGCACCGAGTCAACATACCAGGGTGGGTTTCTGAGCCTTGCGCCC,,unknown,chr18:46302230-46302289,chr18,NC_006600.3,46302230,46302289,IGF2,
GT_CpG_42:chr38:8180319-8180902_625696,TCATCTTACCCGATCCATCAGGCGATCGCGTGTGCCGTGTCGGGACACGAACACGACAAG,,unknown,chr38:8180409-8180468,chr38,NC_006620.3,8180409,8180468,,
GT_CpG_42:chr6:9220890-9221477_626689,TAAAGCTGGAAACGGAAGGAATTTGCACTTTACCCTGAAGTCACTGAGTGAGAAGGAGGA,,unknown,chr6:9220890-9220949,chr6,NC_006588.3,9220890,9220949,,
GT_CpG_42:chr8:34834860-34835362_626928,AATCTCTCGGGTATGAAGCATGCAGAGGTCCCACAGGTGAAATGCTGCACAATGGCGAGT,,unknown,chr8:34834905-34834964,chr8,NC_006590.3,34834905,34834964,RTN1,
GT_CpG_43:chr15:45025176-45025844_631179,GCTGTGTTTGCTCCAAAGCCTGGTGGACTCTAGAGGGTCCAATCAGCTGTCCCCTCGTGA,,unknown,chr15:45025221-45025280,chr15,NC_006597.3,45025221,45025280,,
GT_CpG_43:chr2:60634749-60635462_634146,GGGGTGGGAATTATCTGAAGACGCAATTTATCCAAACTGCCCTTACAGACACTCCTAAAA,,unknown,chr2:60635199-60635258,chr2,NC_006584.3,60635199,60635258,IRX6,
GT_CpG_43:chr26:20110486-20111089_633385,GGGACAGGACAAAGTAGATGCCGGGACAGAACAGATGAGACGGACGGTGGGTCAGCCATC,,unknown,chr26:20110486-20110545,chr26,NC_006608.3,20110486,20110545,ASPHD2,
GT_CpG_44:chr25:11742303-11742949_642226,GACGGCCAGCTCCACCCTGCGTGGCCTCGAGATGTATTTGTTGAACAGGAACTCCTTCTC,,PDX1,chr25:11742708-11742767,chr25,NC_006607.3,11742708,11742767,PDX1,
GT_CpG_44:chr36:18394245-18395088_643858,GAAAGTAGAGAAAGGGGCAAAGAATGTGCATCTCGCCACCCACCGGACAAGCCAGGCGAG,,unknown,chr36:18395010-18395069,chr36,NC_006618.3,18395010,18395069,52885/64588/65747,
GT_CpG_44:chr7:61857567-61858335_645137,CTCAGCTCCAAAGATCCTCAGACAATAAGAGGAAAACAGACCAGACTGGAGGAAGCAAGT,,unknown,chr7:61857567-61857626,chr7,NC_006589.3,61857567,61857626,AQP4,
GT_CpG_46:chr13:37829357-37830131_660483,TACCCCAAAAGCTTAACCTCAGGGCACCTTTAATGGCACGTGTTCAGTCTCACAGTCGGG,,unknown,chr13:37829897-37829956,chr13,NC_006595.3,37829897,37829956,,
GT_CpG_47:chr1:99799557-99800186_671385,GATACTCTGGAACTCTTGGTCTCCTTATCCCTATCTCTCCATATTTGGGTATGCACGGTC,,unknown,chr1:99799602-99799661,chr1,NC_006583.3,99799602,99799661,,
GT_CpG_48:chr9:49191591-49192330_683826,TTAGTGACCGGTGTTTAGTGACCGATGTTTGCCGAAAGTTAGATAGGGCGGTGACGCACC,,unknown,chr9:49192131-49192190,chr9,NC_006591.3,49192131,49192190,CCDC187,
GT_CpG_49:chr35:25761303-25762022_690178,CTCACAGCGGTAGGGTTACGTGTACAGTCCTGCCGACTGCAGGGGCTCAGGAGCAAGATC,,unknown,chr35:25761888-25761947,chr35,NC_006617.3,25761888,25761947,,
GT_CpG_52:chr10:36901599-36902418_712406,CTATATCCGTCTCTTTCGGATTTGACGGCGCTGGGGCACGGAGCGAAGTTAAACTTGTGG,,unknown,chr10:36902274-36902333,chr10,NC_006592.3,36902274,36902333,69285,
GT_CpG_52:chr11:2117505-2118218_712535,AAGGCGACAGCCCTACTAAGACCCACCGCGATTGGCACTTCACCCAGCATTTCATTTTCG,,unknown,chr11:2117820-2117879,chr11,NC_006593.3,2117820,2117879,RUFY1,
GT_CpG_52:chr13:37937481-37938249_712874,TGGCTGGGAAGCAGTTTGAGGATGAGGAGGATGCGGTGTTTGGCCCACAGTAAGTCCGCT,,unknown,chr13:37938021-37938080,chr13,NC_006595.3,37938021,37938080,LRRC14,
GT_CpG_52:chr21:6536439-6537177_714758,CTCTTCATCGTCAACCTGGCGGTGGCCGACATCCTCATCACGCTCCTCAACACGCCCTTC,,GPR83,chr21:6537024-6537083,chr21,NC_006603.3,6537024,6537083,GPR83,
GT_CpG_57:chr22:8708474-8709185_748846,CCGAGCCCGCAGGATGCGAAATAAAGGTCTTTGAAACCGAAGCGCCAAGCGAGGCTGCCT,,unknown,chr22:8708789-8708848,chr22,NC_006604.3,8708789,8708848,DGKH,
GT_CpG_57:chr29:11067754-11068632_749574,CACATCTTCTAGGAAATCTCCGTTGCCTTCAGGATAAGTCCCGTCTCCCTAGATCCGCTT,,unknown,chr29:11068069-11068128,chr29,NC_006611.3,11068069,11068128,87852,
GT_CpG_58:chr1:8815806-8816606_754867,GGGAAATGGAGACCATAACTATTTGCAACCATGCAAAGGACTGATTCAGATGCTCAACTT,,unknown,chr1:8816526-8816585,chr1,NC_006583.3,8816526,8816585,,
GT_CpG_59:chr14:40085091-40086031_759929,GGGTAATATTTCAAAAGCGGGCAATAAAAGTCCTGGACGAATCAAGCGCTCCTCTGGCTG,,unknown,chr14:40085451-40085510,chr14,NC_006596.3,40085451,40085510,SKAP2,
GT_CpG_59:chr34:6526842-6527697_762965,TGCATTCTGCTCCCCGTGCTGGGAGCCACTTTAATGACCTGCACAAAACAGTAAACGCGA,,unknown,chr34:6526887-6526946,chr34,NC_006616.3,6526887,6526946,ADCY2,
GT_CpG_60:chr2:81632074-81632953_1145454,CTCTCCCCAGACCCAGGTTTCGGAAGATGAAGATTCCGCAGGCACAGAGCAGAAGCCCGT,,unknown,chr2:81632674-81632733,chr2,NC_006584.3,81632674,81632733,,
GT_CpG_60:chr20:48820699-48821459_767536,TCACGGTCAACCGGTCTCTATTCCTCTTCAGCGAGGACAACGTGGTGAGAAAATACGCCA,,unknown,chr20:48821239-48821298,chr20,NC_006602.3,48821239,48821298,CACNA1A,
GT_CpG_61:chr9:54273149-54274053_777492,GCATCCATCCTGCTGCGTCCCTGCATTTTAATTACCGCCGCATTAATATTCATGAGCCGG,,unknown,chr9:54273779-54273838,chr9,NC_006591.3,54273779,54273838,,
GT_CpG_62:chr6:17872282-17873207_782319,TCCCTTTTCTTAAAACCCCACCCTGCTCCTCCTTGGAGCAGCCTCCCCAAGTTTTGCCTC,,unknown,chr6:17872282-17872341,chr6,NC_006588.3,17872282,17872341,77585,
GT_CpG_63:chr1:115765662-115766490_785857,CCGACTTCCGCAAGGAATTAACCGTAAGGAGCGCTACGACTCAGGAGAAACGCAGTCCGG,,unknown,chr1:115766112-115766171,chr1,NC_006583.3,115766112,115766171,ZNF571,
GT_CpG_63:chr15:55830737-55831499_784892,TCGTGAGCGGCGCAGCCTGCGTTTTGACCCAGTTTGACCGCAGGATCCAGGCTTTGAAAA,,unknown,chr15:55831142-55831201,chr15,NC_006597.3,55831142,55831201,FNIP2,
GT_CpG_63:chr28:13431528-13432244_786988,ATGGGGCGACCCAGTAGAGGCAGACCCTACTCCTCTGTCCTTCTGTGCTTGTCCTATGTG,,unknown,chr28:13432158-13432217,chr28,NC_006610.3,13432158,13432217,91183,
GT_CpG_63:chr8:48072323-48073280_1175430,TTTAGGGCGCATAGACACATGCGTGCCCGTGCGGTCTCGAGGAAACCGACAGAGACAAAA,,unknown,chr8:48073013-48073072,chr8,NC_006590.3,48073013,48073072,PGF,
GT_CpG_66:chr1:106520394-106521170_811153,ACGGAGTCCAGCTGTGAAGCCGAGTTGAAAGAACCAGAGCTTCAGCGTTCCGAGACAGCG,,unknown,chr1:106520529-106520588,chr1,NC_006583.3,106520529,106520588,,
GT_CpG_66:chr11:52614953-52615778_809844,TTGTCTCCGGAGCAGAGTTAGAAATGGCAAAAGCCTCCAAACTGTGCCAGCATCTCTTGC,,unknown,chr11:52615268-52615327,chr11,NC_006593.3,52615268,52615327,CLTA,
GT_CpG_67:chr32:28324908-28325945_819436,GCCTCATTAACTTGGAGCACCCTTCCAGCTCACACCTAGAGTTAGCCGTCCAGCAGACTA,,unknown,chr32:28324908-28324967,chr32,NC_006614.3,28324908,28324967,,
GT_CpG_67:chr5:62470972-62471713_820470,GCCAGAAAGCAGGGAAGCAGGAGGCAAAAGGCATCAGGTGTCCCTGCCATCTCTCCAGGT,,unknown,chr5:62470972-62471031,chr5,NC_006587.3,62470972,62471031,GPR157,
GT_CpG_68:chr16:35734220-35735027_824127,ATCTGATCCCCGAAGGGTAGCGTTTGTGTAAAATAACGTCCGGATTCCTGCAGTCCTAGA,,unknown,chr16:35734310-35734369,chr16,NC_006598.3,35734310,35734369,,
GT_CpG_68:chr3:44116235-44117059_827748,ATCAAGACCTTTAGAGAAGCCCAAATGCACAGGCCTTCTTCCAACCGGTTAAAACCCATT,,unknown,chr3:44116865-44116924,chr3,NC_006585.3,44116865,44116924,62110/67093/71731,
GT_CpG_69:chr11:62398353-62399319_830114,ACCCTGAAATACGATGGTGATTTTCCGGGTGCAAGGGCTTGACAGCGAAAGTCAGCTTTT,,unknown,chr11:62398938-62398997,chr11,NC_006593.3,62398938,62398997,,
GT_CpG_69:chr15:3687900-3688749_1237357,AGCGTTTTACAGCTCCTGCATTAGTTTCCCTTCACTGGGTCGTAAACAAGCACGCAGGGC,,unknown,chr15:3687960-3688019,chr15,NC_006597.3,3687960,3688019,,
GT_CpG_70:chr17:56470496-56471678_840246,CTGACTGAGAGATACGCCGAGACCTCGCTGGTGATTTATTGGCTTTCTGCACCTGACTAG,,unknown,chr17:56471036-56471095,chr17,NC_006599.3,56471036,56471095,57185/51780,
GT_CpG_71:chr20:37241134-37241920_1262254,CGACCGAGGTCCGGAGGACTCTCAGCGCAGGAGGGGAAGGTATTGGTTGGAGAAACGAGA,,unknown,chr20:37241794-37241853,chr20,NC_006602.3,37241794,37241853,NT5DC2,
GT_CpG_71:chr3:1368814-1369898_849273,CACCTCGAAGAAATCGCTCAGGGCATCCCTGTTGGAACCTTCGATCCAGTAATCCGGGAC,,unknown,chr3:1369354-1369413,chr3,NC_006585.3,1369354,1369413,CAMK4,
GT_CpG_72:chr10:55372722-55373751_851800,GGCGATAATCAAATTAGCCTCAAATTAAACGTGAAATTGGCCCTCGCCGGCCGCGGGGAC,,unknown,chr10:55373487-55373546,chr10,NC_006592.3,55373487,55373546,65559,LNCRNA
GT_CpG_72:chr7:19674519-19675579_856149,GGTTACGTCATGTATGTCAAACATGTCATGATGTTCGTGGCGACCCGTCACCTAGTGTAC,,PTGS2,chr7:19675419-19675478,chr7,NC_006589.3,19675419,19675478,,
GT_CpG_73:chr1:108742855-108743791_2537473,TGTCTGGCTCCGAGTTTGTGCTGGGGTCTGCAGGGAGTGGTGGTGTCAGTCCAGGGGAAT,,unknown,chr1:108743680-108743739,chr1,NC_006583.3,108743680,108743739,BBC3,
GT_CpG_73:chr18:51377460-51378442_858828,GCTGCAGAGCGACACCATGGACCACTACCGAACTTTCCATATGCTCGAGCGCCTGCTGCA,,unknown,chr18:51378225-51378284,chr18,NC_006600.3,51378225,51378284,FIBP,
GT_CpG_73:chr18:52346703-52347765_858853,CCTGTCTCTCTACCCGCGAGAGGGAGGTGTCTCCAGCCGAGAACTGGTGAAGAAGGTCTC,,MEN1,chr18:52347648-52347707,chr18,NC_006600.3,52347648,52347707,MEN1,
GT_CpG_73:chr20:56312352-56313081_859312,GAGACAGGGTGTGGCAGAGAAGGTACCCAAGAGAGGTGCGGTGATGCAGTGGATGTGTTC,,unknown,chr20:56312982-56313041,chr20,NC_006602.3,56312982,56313041,,
GT_CpG_74:chr1:112078215-112079100_864973,CGTCCCCGAAGCACCATCGGTTCGTGGCCGACAGCAAAGATAAGGAACCCGAAGTCGTCT,,unknown,chr1:112078935-112078994,chr1,NC_006583.3,112078935,112078994,PAFAH1B3,
GT_CpG_74:chr11:18272413-18273324_863815,TCTGAGCCGAGTGTGAGCCTGGGAATGCTTGTGCTACTGGAACCGCGGCACGTTAAGCCC,,unknown,chr11:18272593-18272652,chr11,NC_006593.3,18272593,18272652,ADAMTS19,
GT_CpG_76:chr20:3952919-3954165_875237,GTCATTATTATCACTCGTTTCGCATCCTGTTTGCTCACAGCCCCAGAGACCCAGACGCGC,,unknown,chr20:3953954-3954013,chr20,NC_006602.3,3953954,3954013,,
GT_CpG_77:chr14:26769331-26770180_879420,ATTTACACAAAGCATCGGTGTTTGTGATTTATCTGTAAGCGGCGGCTTCTGAATTACTTT,,unknown,chr14:26770096-26770155,chr14,NC_006596.3,26770096,26770155,,
GT_CpG_77:chr27:31835085-31836199_881657,AGGGTCCCCGACACTACATAGCTCTCTCGACCACACGATTTTCACCGACTTTATTGGCCT,,unknown,chr27:31835400-31835459,chr27,NC_006609.3,31835400,31835459,,
GT_CpG_80:chr20:57092946-57093950_895800,AGGCGTGAAATAATATTTCATTGTAGCTTTGCTCGAGTTTCCTACAAGTGAAATCGAACA,,unknown,chr20:57093846-57093905,chr20,NC_006602.3,57093846,57093905,,
GT_CpG_81:chr10:40652678-40653662_899196,CCTCAGATCTGTGCTGAGGCCTTCTGCGTGGGCGAAGGGTTCTCTCCTGGAAAATAGTAG,,unknown,chr10:40653578-40653637,chr10,NC_006592.3,40653578,40653637,,
GT_CpG_81:chr35:25855564-25856831_902606,AGAAAGTAGGATGGCGCAACCTGCATCACTTCTTAAAGGGATCCGGCGCCGGCGGCTGGA,,unknown,chr35:25855924-25855983,chr35,NC_006617.3,25855924,25855983,,
GT_CpG_82:chr19:23852100-23852984_905754,GCGCAGCCTGATCTTTCAGTCTAAATGACATGTTTGAAAGGACTCGCAAGCGAGGCCATC,,unknown,chr19:23852235-23852294,chr19,NC_006601.3,23852235,23852294,89251,LNCRNA
GT_CpG_83:chr22:31988902-31989894_914170,TTGAAAGTTTCGTGGTGCTTAAGGCGTCCGCATGACCTAGGCAAACTGCAGCGAGGGGAG,,unknown,chr22:31988992-31989051,chr22,NC_006604.3,31988992,31989051,,
GT_CpG_83:chr3:70232806-70234182_915528,GGAGCACGGGAAATTCCCAAGTTTTCCTCGTTTCCTCCGATTATTTTGCACGGCATAATA,,unknown,chr3:70233841-70233900,chr3,NC_006585.3,70233841,70233900,MSX1,
GT_CpG_84:chr33:17375488-17376463_920153,GATCCGTGACACCACCGGATACAGCGAGGGGTAAACAGGCCTGGAATCTACCAGAGTTTC,,unknown,chr33:17375623-17375682,chr33,NC_006615.3,17375623,17375682,,
GT_CpG_85:chr3:41792745-41793783_925738,CATTCAAGAAAGCCACCAAGGAGACCTGCAATTGGTGTTGGTTTCTAGTCACTTGCGTAG,,unknown,chr3:41792790-41792849,chr3,NC_006585.3,41792790,41792849,,
GT_CpG_85:chr5:46827287-46828325_926075,CTCAGGGGCAGATTGGAAAACCCCTGCCTAAGAATCTTGGACATCTCTGGAGTTTGGCTG,,unknown,chr5:46828232-46828291,chr5,NC_006587.3,46828232,46828291,,
GT_CpG_85:chr7:66862510-66863489_926608,CTTTCCGCTGCTGGTGCTGCTGGTACGAGGGTATTGTCACAGTAGCAGCAACATGTCGAC,,unknown,chr7:66863410-66863469,chr7,NC_006589.3,66863410,66863469,ROCK1,
GT_CpG_87:chr25:46049441-46050473_934464,GGGCGCGCGGTCCCGGCTTAAACTTGTTGGTGACAATGCATATTTCAACTTCGGAGGTCC,,unknown,chr25:46050026-46050085,chr25,NC_006607.3,46050026,46050085,SH3BP4,
GT_CpG_87:chr33:4865728-4866934_935451,GAGACTTGGAGTCGCTGTTCGGAGCAGGCCGGCCAACTTCGGGTTCCGAACAGAATTGTG,,unknown,chr33:4866763-4866822,chr33,NC_006615.3,4866763,4866822,CRYBG3,
GT_CpG_88:chr12:57810020-57811233_938122,AGGAGGTCCGCTCTCAAGGTTTAGGATCGCATTAACGTGAACTTCGCAGCGCCCTTGAGG,,unknown,chr12:57811055-57811114,chr12,NC_006594.3,57811055,57811114,,
GT_CpG_88:chr7:41170758-41171866_942251,TCCAACTAGCAAGTGGGACCTCTGGATCAGTCCACAGCCTGGCTCTCCTCCCAGTTCCCA,,unknown,chr7:41171793-41171852,chr7,NC_006589.3,41171793,41171852,INSRR,
GT_CpG_88:chr8:59612562-59613369_942378,AGTCCACTTACCCCAAGGAGGAGGAACGAAGCGGACCGCGTCGAGACGCAACATCCAAGC,,unknown,chr8:59612697-59612756,chr8,NC_006590.3,59612697,59612756,KCNK10,
GT_CpG_89:chr1:94721725-94722881_944069,GAATACAGGTCTTGCTGAATTTCGGACTTGGCAGGAGGAAAGAGCATCGATCACACCACC,,unknown,chr1:94722355-94722414,chr1,NC_006583.3,94722355,94722414,ENSCAFT00000078861,PROTEIN CODING
GT_CpG_89:chr7:42371584-42372786_946387,TCCGAGGGCAGTAGTGCACATACACCAAGATATACAGGGTCTGAAGCACAGCACCCGTGG,,unknown,chr7:42371629-42371688,chr7,NC_006589.3,42371629,42371688,FAM189B/SLC50A1,
GT_CpG_90:chr1:104706255-104707295_948211,CCGCGGACAGGTTGGGGCGGAAGTACGCACCAGCGCTTCCGGTAAGGAGAGAAAATCTGA,,unknown,chr1:104707155-104707214,chr1,NC_006583.3,104707155,104707214,ENSCAFT00000044531,PROTEIN CODING
GT_CpG_90:chr16:29731980-29733031_947652,TCGGTCACGGTGGAGGTGAAACCAGTTGCAAAATGTTACTCCACTGGAGTCCAGACGGGG,,unknown,chr16:29731980-29732039,chr16,NC_006598.3,29731980,29732039,UNC5D,
GT_CpG_90:chr4:58395830-58397028_950296,CGTCTGCTGTGACACGCCTCGGAGCATCCTGTTCACTTCTGTGACAACAGTGACCCGGCC,,unknown,chr4:58396730-58396789,chr4,NC_006586.3,58396730,58396789,74981/68734,
GT_CpG_93:chr14:40330194-40331445_962033,TCTGCGAGTTGGGCGCAAAGGAGCAAGAAGTCGGCTCGGCATTTTGGAACAGAGAAGCCC,,unknown,chr14:40330734-40330793,chr14,NC_006596.3,40330734,40330793,HOXA7,
GT_CpG_95:chr22:45752222-45753303_972809,TGGTTAATCCAGGGTGGTTATCTGAACAGGTGTGAATCGCTTAGCAAGAAAGAAACATTT,,unknown,chr22:45753212-45753271,chr22,NC_006604.3,45753212,45753271,,
GT_CpG_95:chr31:30259516-30260894_973729,AGGTTTCTAAAGGCAGCTGGAAGCTGGGGCAAGATCAGGGGTGGAAGTGAACCTCCGGGG,,unknown,chr31:30259561-30259620,chr31,NC_006613.3,30259561,30259620,RUNX1,
GT_CpG_96:chr20:45272154-45273344_976634,AGGCGGACCTGGTTTCACAGGGATGTCCACAAGGGCTGTTGGGTATTAAGCGCGTGTGGG,,unknown,chr20:45273279-45273338,chr20,NC_006602.3,45273279,45273338,NIBAN3,
GT_CpG_96:chr28:27518237-27519327_977357,TAAACACCAGTTTAACCCAGTTCTCACCCCGTGGGAAATCAGCTGCCCGCAGGGGCCAGC,,unknown,chr28:27518777-27518836,chr28,NC_006610.3,27518777,27518836,,
GT_CpG_98:chr11:40791903-40792919_984725,GACCCTGGTCCCGGGCGACGGAGATGAAATCTTCCCCGTTCACAGAGCTATGATGGCGTC,,unknown,chr11:40792758-40792817,chr11,NC_006593.3,40792758,40792817,KLHL9,
GT_CpG_98:chr20:46728050-46729350_985571,TCTGGGACGGAGCAGTGATGAAATATGACCTAAGGCTGAAAAGGTCTCTGAATTGGGCAG,,unknown,chr20:46728590-46728649,chr20,NC_006602.3,46728590,46728649,PGLYRP2,
GT_CpG_98:chr26:38918874-38920219_985959,ATCTCCCTTCTTTCTACACCATAACAGGCGAGCAAGGCTCTGCCCTGTTTCACCCCGGCC,,unknown,chr26:38918919-38918978,chr26,NC_006608.3,38918919,38918978,ENSCAFT00000086483,
GT_CpG_99:chr6:38018350-38019848_992235,TCGCCTTTCGGGGACACAGATTCAAGGGGAACCCAGGAGCGGATCCCGAGCTTTGCCTTC,,unknown,chr6:38019610-38019669,chr6,NC_006588.3,38019610,38019669,,
